gene,nRMSD,k_1,k_2,Kd1,Kd2,n1,n2,n3,kdeg
Acpp,0.076438494,0.252596067,0.001,0.009190854,3.429498806,3,3,3,0.003932713
Adtrp,0.164661324,124.0718349,0.009737186,221.0491153,0.004456515,3,3,3,0.003411938
Angptl4,0.118604945,0.004215783,0.001000725,4.714932684,0.001021898,3,3,3,0.187018011
B4galt5,0.245798138,0.980819711,0.013871403,391.7370189,0.001050227,3,3,3,0.02391684
Bcl3,0.082155939,0.016330495,29.52055376,320.3520936,0.008259443,3,3,3,0.024813393
Bdkrb2,0.120762207,5.610244299,601.1992017,0.006645644,34.21229562,3,3,3,0.001375432
Ccl1,0.097504031,0.07355564,0.130721152,2.825397421,0.00469936,3,3,3,0.004920084
Ccl2,0.021695338,191.213876,0.013950512,0.00822195,0.310741032,3,3,3,0.020114194
Ccl5,0.035639123,0.019206186,0.124169929,214.2701781,0.044527237,3,3,3,0.008520064
Ccl7,0.04137871,0.023704288,184.5676479,1.597847072,0.001392338,3,3,3,0.011221946
Cd274,0.15287149,0.024887586,0.001,0.072090894,3.579848263,3,3,3,0.026646986
Cebpb,0.104647724,0.005878379,448.7554738,3.449918932,0.001011953,3,3,3,0.02768925
Cgn,0.077342266,130.8005468,0.008401977,0.006283046,0.195809401,3,3,3,0.014797403
Cx3cl1,0.056006177,0.143481412,0.009144201,0.034812928,334.4217753,3,3,3,0.007812507
Cxcl10,0.132395712,0.001,176.1757582,1.8527685,0.124768263,3,3,3,0.010464773
Egln3,0.061517049,1.822046342,3.608588102,0.001,0.035113661,3,3,3,0.005977103
Exoc3l4,0.107397342,0.001047255,24.06341219,895.7979722,0.002635784,3,3,3,1.386294361
Flt1,0.135506463,0.008740771,38.74258979,299.2843615,0.001,3,3,3,0.010194266
Fpr1,0.014970911,0.001,0.001943242,147.9085659,73.96365034,3,3,3,0.03847589
Gadd45b,0.152473481,0.139150152,0.063494165,0.062210584,17.3352203,3,3,3,0.019588775
Gbp2,0.050444855,82.98841653,0.004083304,0.679524394,0.113447101,3,3,3,0.009007354
Gch1,0.064292297,551.0969192,0.011246585,99.81602944,0.001000106,3,3,3,0.002790776
Gda,0.371959452,3.661105715,0.013967934,0.036290118,0.04305701,3,3,3,0.003872355
Glrx,0.052685261,2.652529685,6.422018758,0.00107298,0.052837143,3,3,3,0.000812023
Gm16685,0.079145576,0.001,402.0942822,99.23074045,0.001087006,3,3,3,0.01171423
Gsap,0.110195844,0.001540909,208.176612,3.717237687,0.002842855,3,3,3,0.009374081
Hivep3,0.095643102,0.013714978,34.8643339,253.2311492,0.006407874,3,3,3,0.017243888
Icam1,0.075716696,1.005418407,0.010231427,0.001551528,425.0823894,3,3,3,0.014787164
Il1r1,0.151927072,0.004863551,323.2186274,2.489146405,0.001529558,3,3,3,0.0117031
Il1rap,0.158190532,23.15329814,0.001,0.010991714,21.14609966,3,3,3,0.700002597
Il1rl1,0.064214167,0.047758518,0.010015981,2.350981892,0.020408653,3,3,3,0.006141021
Il34,0.058752567,0.001000177,0.010256206,3.796116085,0.00110675,3,3,3,0.016365627
Irf1,0.155869762,0.08913484,188.0623058,2.607735747,0.001112581,3,3,3,0.0302972
Itgal,0.019176532,0.001000004,0.88494714,184.8915172,0.036725962,3,3,3,0.011138996
Itpkc,0.183417434,0.111188399,163.5134627,2.400511297,0.019136341,3,3,3,0.013687782
Jak2,0.131831528,0.011803996,32.55444327,255.3489595,0.004539208,3,3,3,0.022111816
Kcnk10,0.142959732,42.3097535,0.013875179,115.4494205,0.664123272,3,3,3,0.001047122
Kcnn3,0.036988282,0.001,315.0309265,693.4089225,0.001,3,3,3,0.013855619
Klf10,0.194402382,0.028024457,43.64090215,331.0705838,0.001937277,3,3,3,0.030885194
Lcn2,0.023364493,0.001,0.002263829,632.6863099,45.85285027,3,3,3,0.034269397
Mir155hg,0.106374996,0.020377128,31.77435119,447.4712834,0.001219536,3,3,3,0.087543557
Mmp1b,0.10088428,71.77245978,0.001,0.005215704,286.6150969,3,3,3,0.009453035
Mmp3,0.016080458,0.001,0.001,154.7724045,0.003161567,3,3,3,0.002528514
Mmp9,0.161611489,0.211458542,12.25120106,0.004836458,0.114512446,3,3,3,0.00067323
Nfkb1,0.120461809,0.025538182,32.53723904,320.9859271,0.001009389,3,3,3,0.006238628
Nfkb2,0.06823839,0.010494273,1.330461476,2.222503238,0.023665119,3,3,3,0.009833263
Nfkbie,0.068855338,19.02258475,0.013074949,0.002826291,0.780675185,3,3,3,0.0123604
Pdgfb,0.131835076,0.001,0.19771691,2.252298835,0.173881944,3,3,3,0.00958903
Pilra,0.099677228,0.001,0.001,158.8242925,0.002624629,3,3,3,0.005067336
Pim1,0.102290035,1.024698548,0.056283354,1.890447912,0.006431277,3,3,3,0.03965249
Ptger2,0.070453636,78.75295117,0.003418087,1.041520477,0.026510322,3,3,3,0.01778744
Ptges,0.041333875,0.003002623,8.731634888,151.344739,0.003432643,3,3,3,0.006847002
Rab11fip1,0.090132398,0.016583989,24.52695487,789.2480852,0.002884924,3,3,3,0.01672642
Rab15,0.10948879,0.210792109,0.007785883,0.009464131,0.205374139,3,3,3,0.000717044
Rab20,0.095116286,0.116730377,185.3852779,0.017608588,0.051610512,3,3,3,0.006562062
Rbfox1,0.083439839,0.001,366.4736968,440.2720249,0.001815818,3,3,3,0.009747924
Rel,0.165479361,0.046139893,93.19431783,2.170877154,0.001568759,3,3,3,0.024934228
Rhof,0.177792292,0.015401102,0.004613692,0.002374087,2.988644956,3,3,3,0.032899113
Ripk2,0.076086604,0.016009836,58.3543342,331.9369811,0.002003386,3,3,3,0.014697784
Sdc4,0.188581615,21.71256088,34.52056488,1.132658307,0.007749411,3,3,3,0.006427592
Serpina3g,0.063768519,126.6742023,0.002944692,0.001977868,0.112222452,3,3,3,0.015257184
Sik1,0.103708614,0.013785386,3.00308989,1.583779833,0.001000654,3,3,3,0.013233487
Slc39a4,0.05797266,322.9931424,0.001,0.052998034,0.017057578,3,3,3,0.015047247
Slc6a12,0.413934424,0.005750094,0.001000002,4.043449835,0.002780491,3,3,3,0.572618205
Slc7a2,0.116768048,0.023450423,0.428604545,4.263893835,0.001,3,3,3,0.008786796
Slco2a1,0.067775639,127.8934426,0.003177259,0.005770491,0.076999179,3,3,3,0.005956805
Slco3a1,0.121050776,570.4712099,0.001961459,395.0785375,0.010665224,3,3,3,0.01229417
Slfn2,0.141460921,10.02946227,0.038066147,2.331125765,0.003880205,3,3,3,0.030189402
Sod2,0.106956275,4.175625234,0.002479929,165.9692621,0.31678315,3,3,3,1.386294361
St3gal1,0.218251264,23.39648965,0.003003156,736.1646815,1.34957368,3,3,3,0.016466633
Timp1,0.056709239,0.024459105,0.202722886,2.979621931,0.001225174,3,3,3,0.004684127
Tmem132e,0.055710905,0.001111283,30.06916313,339.6461537,0.029037712,3,3,3,0.014776549
Tmem158,0.109606226,3.297066132,6.176605549,0.047780004,0.001009234,3,3,3,0.001905046
Tnfaip2,0.052186319,0.014531088,39.66768795,325.1606973,0.013165619,3,3,3,0.022475739
Tnfsf11,0.078845612,0.055504968,0.254648672,4.021727335,0.001967607,3,3,3,0.016519929
Tnip1,0.061861501,0.001,0.010525466,2.81160485,0.753942075,3,3,3,0.011338246
Trim47,0.163259046,599.839724,0.006431876,0.007038566,316.4590323,3,3,3,0.044217997
U90926,0.075908339,1000,0.001000434,0.096393537,0.012515624,3,3,3,0.014389814
Wnt11,0.107025061,0.001,0.015866112,2.57523206,0.086660031,3,3,3,0.015145896
Zbtb10,0.198726665,0.043888117,183.3468527,2.205712174,0.001,3,3,3,0.02819554
Zc3h12c,0.106191385,844.9210015,0.0295096,0.003857419,0.036433796,3,3,3,0.005267371